{"cameraMode":{"drawMode":0,"name":"Shaded","section":"Shading Mode"},"sceneLighting":true,"audioPlay":false,"sceneViewState":{"showFog":true,"showMaterialUpdate":true,"showSkybox":true,"showFlares":true,"showImageEffects":true,"showParticleSystems":true},"in2DMode":false,"pivot":{"x":21.851303100585939,"y":2.2514495849609377,"z":22.212528228759767},"rotation":{"x":-0.24192269146442414,"y":-0.059050679206848147,"z":0.014752029441297055,"w":-0.9683861136436462},"size":15.270737648010254,"orthographic":false}