{"cameraMode":{"drawMode":0,"name":"Shaded","section":"Shading Mode"},"sceneLighting":false,"audioPlay":false,"sceneViewState":{"showFog":true,"showMaterialUpdate":false,"showSkybox":true,"showFlares":true,"showImageEffects":true,"showParticleSystems":true},"in2DMode":false,"pivot":{"x":16.08799934387207,"y":1.1824491024017335,"z":20.330787658691408},"rotation":{"x":-0.294229656457901,"y":-0.6287410855293274,"z":0.27876001596450808,"w":-0.6636313199996948},"size":2.364900588989258,"orthographic":false}