{"cameraMode":{"drawMode":0,"name":"Shaded","section":"Shading Mode"},"sceneLighting":false,"audioPlay":false,"sceneViewState":{"showFog":true,"showMaterialUpdate":false,"showSkybox":true,"showFlares":true,"showImageEffects":true,"showParticleSystems":true},"in2DMode":false,"pivot":{"x":10.180000305175782,"y":0.9200000762939453,"z":29.229999542236329},"rotation":{"x":-0.3785956799983978,"y":0.09195180982351303,"z":-0.037831444293260577,"w":-0.9202060103416443},"size":5.7157673835754398,"orthographic":false}