{"cameraMode":{"drawMode":0,"name":"Shaded","section":"Shading Mode"},"sceneLighting":false,"audioPlay":false,"sceneViewState":{"showFog":true,"showMaterialUpdate":false,"showSkybox":true,"showFlares":true,"showImageEffects":true,"showParticleSystems":true},"in2DMode":false,"pivot":{"x":8.770586967468262,"y":3.2780561447143556,"z":30.89815902709961},"rotation":{"x":-0.3225391209125519,"y":-0.5564416646957398,"z":0.24770116806030274,"w":-0.7245587706565857},"size":0.30645525455474856,"orthographic":false}