{"cameraMode":{"drawMode":0,"name":"Shaded","section":"Shading Mode"},"sceneLighting":true,"audioPlay":false,"sceneViewState":{"showFog":true,"showMaterialUpdate":false,"showSkybox":true,"showFlares":true,"showImageEffects":true,"showParticleSystems":true},"in2DMode":false,"pivot":{"x":9.026961326599121,"y":5.929141998291016,"z":20.281982421875},"rotation":{"x":-0.2785854935646057,"y":0.0034525771625339987,"z":-0.00100115651730448,"w":-0.9604047536849976},"size":1.3760490417480469,"orthographic":false}