{"cameraMode":{"drawMode":0,"name":"Shaded","section":"Shading Mode"},"sceneLighting":false,"audioPlay":false,"sceneViewState":{"showFog":true,"showMaterialUpdate":false,"showSkybox":true,"showFlares":true,"showImageEffects":true,"showParticleSystems":true},"in2DMode":false,"pivot":{"x":12.227882385253907,"y":1.0897815227508546,"z":27.037750244140626},"rotation":{"x":-0.2924479842185974,"y":-0.1095718964934349,"z":0.03375234082341194,"w":-0.9493834376335144},"size":0.7661209106445313,"orthographic":false}