{"cameraMode":{"drawMode":0,"name":"Shaded","section":"Shading Mode"},"sceneLighting":false,"audioPlay":false,"sceneViewState":{"showFog":true,"showMaterialUpdate":false,"showSkybox":true,"showFlares":true,"showImageEffects":true,"showParticleSystems":true},"in2DMode":false,"pivot":{"x":9.478975296020508,"y":0.9323422908782959,"z":27.241111755371095},"rotation":{"x":-0.18197041749954225,"y":-0.058375898748636249,"z":0.010822475887835026,"w":-0.9815100431442261},"size":0.7661209106445313,"orthographic":false}