{"cameraMode":{"drawMode":0,"name":"Shaded","section":"Shading Mode"},"sceneLighting":false,"audioPlay":false,"sceneViewState":{"showFog":true,"showMaterialUpdate":false,"showSkybox":true,"showFlares":true,"showImageEffects":true,"showParticleSystems":true},"in2DMode":false,"pivot":{"x":13.051992416381836,"y":1.184587836265564,"z":24.79161262512207},"rotation":{"x":-0.43774598836898806,"y":0.02749943733215332,"z":-0.01339701097458601,"w":-0.8985781669616699},"size":0.9672832489013672,"orthographic":false}