{"cameraMode":{"drawMode":0,"name":"Shaded","section":"Shading Mode"},"sceneLighting":false,"audioPlay":false,"sceneViewState":{"showFog":true,"showMaterialUpdate":false,"showSkybox":true,"showFlares":true,"showImageEffects":true,"showParticleSystems":true},"in2DMode":false,"pivot":{"x":0.02115941047668457,"y":8.600408554077149,"z":-0.0006194114685058594},"rotation":{"x":-0.19562575221061707,"y":-0.7395361661911011,"z":0.24246199429035188,"w":-0.5966816544532776},"size":33.15123748779297,"orthographic":false}